book_order,book,chapter,verse,reference,syriac
1,Genesis,31,47,Genesis 31:47,ויקרא לו לבן יגר שהדותא ויעקב קרא לו גלעד
24,Jeremiah,10,11,Jeremiah 10:11,כדנה תאמרון להום אלהיא די שמיא וארקא לא עבדו יאבדו מארעא ומן תחות שמיא אלה {ס}
27,Daniel,2,4,Daniel 2:4,וידברו הכשדים למלך ארמית מלכא לעלמין חיי אמר חלמא לעבדך ופשרא נחוא
27,Daniel,2,5,Daniel 2:5,ענה מלכא ואמר לכשדאי מלתה מני אזדא הן לא תהודעונני חלמא ופשרה הדמין תתעבדון ובתיכון נולי יתשמון
27,Daniel,2,6,Daniel 2:6,והן חלמא ופשרה תהחון מתנן ונבזבה ויקר שגיא תקבלון מן קדמי להן חלמא ופשרה החוני
27,Daniel,2,7,Daniel 2:7,ענו תנינות ואמרין מלכא חלמא יאמר לעבדוהי ופשרה נהחוה
27,Daniel,2,8,Daniel 2:8,ענה מלכא ואמר מן יציב ידע אנה די עדנא אנתון זבנין כל קבל די חזיתון די אזדא מני מלתא
27,Daniel,2,9,Daniel 2:9,די הן חלמא לא תהודענני חדה היא דתכון ומלה כדבה ושחיתה הזדמנתון למאמר קדמי עד די עדנא ישתנא להן חלמא אמרו לי ואנדע די פשרה תהחונני
27,Daniel,2,10,Daniel 2:10,ענו כשדאי קדם מלכא ואמרין לא איתי אנש על יבשתא די מלת מלכא יוכל להחויה כל קבל די כל מלך רב ושליט מלה כדנה לא שאל לכל חרטם ואשף וכשדי
27,Daniel,2,11,Daniel 2:11,ומלתא די מלכה שאל יקירה ואחרן לא איתי די יחונה קדם מלכא להן אלהין די מדרהון עם בשרא לא איתוהי
27,Daniel,2,12,Daniel 2:12,כל קבל דנה מלכא בנס וקצף שגיא ואמר להובדה לכל חכימי בבל
27,Daniel,2,13,Daniel 2:13,ודתא נפקת וחכימיא מתקטלין ובעו דניאל וחברוהי להתקטלה {ס}
27,Daniel,2,14,Daniel 2:14,באדין דניאל התיב עטא וטעם לאריוך רב טבחיא די מלכא די נפק לקטלה לחכימי בבל
27,Daniel,2,15,Daniel 2:15,ענה ואמר לאריוך שליטא די מלכא על מה דתא מהחצפה מן קדם מלכא אדין מלתא הודע אריוך לדניאל
27,Daniel,2,16,Daniel 2:16,ודניאל על ובעה מן מלכא די זמן ינתן לה ופשרא להחויה למלכא {ס}
27,Daniel,2,17,Daniel 2:17,אדין דניאל לביתה אזל ולחנניה מישאל ועזריה חברוהי מלתא הודע
27,Daniel,2,18,Daniel 2:18,ורחמין למבעא מן קדם אלה שמיא על רזא דנה די לא יהובדון דניאל וחברוהי עם שאר חכימי בבל
27,Daniel,2,19,Daniel 2:19,אדין לדניאל בחזוא די ליליא רזא גלי אדין דניאל ברך לאלה שמיא
27,Daniel,2,20,Daniel 2:20,ענה דניאל ואמר להוא שמה די אלהא מברך מן עלמא ועד עלמא די חכמתא וגבורתא די לה היא
27,Daniel,2,21,Daniel 2:21,והוא מהשנא עדניא וזמניא מהעדה מלכין ומהקים מלכין יהב חכמתא לחכימין ומנדעא לידעי בינה
27,Daniel,2,22,Daniel 2:22,הוא גלא עמיקתא ומסתרתא ידע מה בחשוכא ונהורא עמה שרא
27,Daniel,2,23,Daniel 2:23,לך&thinsp;׀ אלה אבהתי מהודא ומשבח אנה די חכמתא וגבורתא יהבת לי וכען הודעתני די בעינא מנך די מלת מלכא הודעתנא
27,Daniel,2,24,Daniel 2:24,כל קבל דנה דניאל על על אריוך די מני מלכא להובדה לחכימי בבל אזל&thinsp;׀ וכן אמר לה לחכימי בבל אל תהובד העלני קדם מלכא ופשרא למלכא אחוא {ס}
27,Daniel,2,25,Daniel 2:25,אדין אריוך בהתבהלה הנעל לדניאל קדם מלכא וכן אמר לה די השכחת גבר מן בני גלותא די יהוד די פשרא למלכא יהודע
27,Daniel,2,26,Daniel 2:26,ענה מלכא ואמר לדניאל די שמה בלטשאצר האיתך כהל להודעתני חלמא די חזית ופשרה
27,Daniel,2,27,Daniel 2:27,ענה דניאל קדם מלכא ואמר רזא די מלכא שאל לא חכימין אשפין חרטמין גזרין יכלין להחויה למלכא
27,Daniel,2,28,Daniel 2:28,ברם איתי אלה בשמיא גלא רזין והודע למלכא נבוכדנצר מה די להוא באחרית יומיא חלמך וחזוי ראשך על משכבך דנה הוא {ס}
27,Daniel,2,29,Daniel 2:29,אנת מלכא רעיונך על משכבך סלקו מה די להוא אחרי דנה וגלא רזיא הודעך מה די להוא
27,Daniel,2,30,Daniel 2:30,ואנה לא בחכמה די איתי בי מן כל חייא רזא דנה גלי לי להן על דברת די פשרא למלכא יהודעון ורעיוני לבבך תנדע {ס}
27,Daniel,2,31,Daniel 2:31,אנת מלכא חזה הוית ואלו צלם חד שגיא צלמא דכן רב וזיוה יתיר קאם לקבלך ורוה דחיל
27,Daniel,2,32,Daniel 2:32,הוא צלמא ראשה די דהב טב חדוהי ודרעוהי די כסף מעוהי וירכתה די נחש
27,Daniel,2,33,Daniel 2:33,שקוהי די פרזל רגלוהי מנהין די פרזל ומנהין די חסף
27,Daniel,2,34,Daniel 2:34,חזה הוית עד די התגזרת אבן די לא בידין ומחת לצלמא על רגלוהי די פרזלא וחספא והדקת המון
27,Daniel,2,35,Daniel 2:35,באדין דקו כחדה פרזלא חספא נחשא כספא ודהבא והוו כעור מן אדרי קיט ונשא המון רוחא וכל אתר לא השתכח להון ואבנא&thinsp;׀ די מחת לצלמא הות לטור רב ומלאת כל ארעא
27,Daniel,2,36,Daniel 2:36,דנה חלמא ופשרה נאמר קדם מלכא
27,Daniel,2,37,Daniel 2:37,אנת מלכא מלך מלכיא די אלה שמיא מלכותא חסנא ותקפא ויקרא יהב לך
27,Daniel,2,38,Daniel 2:38,ובכל די דירין בני אנשא חיות ברא ועוף שמיא יהב בידך והשלטך בכלהון אנת הוא ראשה די דהבא
27,Daniel,2,39,Daniel 2:39,ובתרך תקום מלכו אחרי ארע מנך ומלכו תליתאה אחרי די נחשא די תשלט בכל ארעא
27,Daniel,2,40,Daniel 2:40,ומלכו רביעאה תהוא תקיפה כפרזלא כל קבל די פרזלא מהדק וחשל כלא וכפרזלא די מרעע כל אלן תדק ותרע
27,Daniel,2,41,Daniel 2:41,ודי חזיתה רגליא ואצבעתא מנהן חסף די פחר ומנהין פרזל מלכו פליגה תהוה ומן נצבתא די פרזלא להוא בה כל קבל די חזיתה פרזלא מערב בחסף טינא
27,Daniel,2,42,Daniel 2:42,ואצבעת רגליא מנהין פרזל ומנהין חסף מן קצת מלכותא תהוה תקיפה ומנה תהוא תבירה
27,Daniel,2,43,Daniel 2:43,ודי חזית פרזלא מערב בחסף טינא מתערבין להון בזרע אנשא ולא להון דבקין דנה עם דנה הא כדי פרזלא לא מתערב עם חספא
27,Daniel,2,44,Daniel 2:44,וביומיהון די מלכיא אנון יקים אלה שמיא מלכו די לעלמין לא תתחבל ומלכותה לעם אחרן לא תשתבק תדק ותסיף כל אלין מלכותא והיא תקום לעלמיא
27,Daniel,2,45,Daniel 2:45,כל קבל די חזית די מטורא אתגזרת אבן די לא בידין והדקת פרזלא נחשא חספא כספא ודהבא אלה רב הודע למלכא מה די להוא אחרי דנה ויציב חלמא ומהימן פשרה {ס}
27,Daniel,2,46,Daniel 2:46,באדין מלכא נבוכדנצר נפל על אנפוהי ולדניאל סגד ומנחה וניחחין אמר לנסכה לה
27,Daniel,2,47,Daniel 2:47,ענה מלכא לדניאל ואמר מן קשט די אלהכון הוא אלה אלהין ומרא מלכין וגלה רזין די יכלת למגלא רזא דנה
27,Daniel,2,48,Daniel 2:48,אדין מלכא לדניאל רבי ומתנן רברבן שגיאן יהב לה והשלטה על כל מדינת בבל ורב סגנין על כל חכימי בבל
27,Daniel,2,49,Daniel 2:49,ודניאל בעא מן מלכא ומני על עבידתא די מדינת בבל לשדרך מישך ועבד נגו ודניאל בתרע מלכא {פ}
27,Daniel,3,1,Daniel 3:1,נבוכדנצר מלכא עבד צלם די דהב רומה אמין שתין פתיה אמין שת אקימה בבקעת דורא במדינת בבל
27,Daniel,3,2,Daniel 3:2,ונבוכדנצר מלכא שלח למכנש&thinsp;׀ לאחשדרפניא סגניא ופחותא אדרגזריא גדבריא דתבריא תפתיא וכל שלטני מדינתא למתא לחנכת צלמא די הקים נבוכדנצר מלכא
27,Daniel,3,3,Daniel 3:3,באדין מתכנשין אחשדרפניא סגניא ופחותא אדרגזריא גדבריא דתבריא תפתיא וכל שלטני מדינתא לחנכת צלמא די הקים נבוכדנצר מלכא וקימין לקבל צלמא די הקים נבכדנצר
27,Daniel,3,4,Daniel 3:4,וכרוזא קרא בחיל לכון אמרין עממיא אמיא ולשניא
27,Daniel,3,5,Daniel 3:5,בעדנא די תשמעון קל קרנא משרוקיתא קתרוס שבכא פסנתרין סומפניא וכל זני זמרא תפלון ותסגדון לצלם דהבא די הקים נבוכדנצר מלכא
27,Daniel,3,6,Daniel 3:6,ומן די לא יפל ויסגד בה שעתא יתרמא לגוא אתון נורא יקדתא
27,Daniel,3,7,Daniel 3:7,כל קבל דנה בה זמנא כדי שמעין כל עממיא קל קרנא משרוקיתא קתרוס שבכא פסנטרין וכל זני זמרא נפלין כל עממיא אמיא ולשניא סגדין לצלם דהבא די הקים נבוכדנצר מלכא
27,Daniel,3,8,Daniel 3:8,כל קבל דנה בה זמנא קרבו גברין כשדאין ואכלו קרציהון די יהודיא
27,Daniel,3,9,Daniel 3:9,ענו ואמרין לנבוכדנצר מלכא מלכא לעלמין חיי
27,Daniel,3,10,Daniel 3:10,אנת מלכא שמת טעם די כל אנש די ישמע קל קרנא משרקיתא קתרוס שבכא פסנתרין וסופניה וכל זני זמרא יפל ויסגד לצלם דהבא
27,Daniel,3,11,Daniel 3:11,ומן די לא יפל ויסגד יתרמא לגוא אתון נורא יקדתא
27,Daniel,3,12,Daniel 3:12,איתי גברין יהודאין די מנית יתהון על עבידת מדינת בבל שדרך מישך ועבד נגו גבריא אלך לא שמו עלך מלכא טעם לאלהך לא פלחין ולצלם דהבא די הקימת לא סגדין
27,Daniel,3,13,Daniel 3:13,באדין נבוכדנצר ברגז וחמא אמר להיתיה לשדרך מישך ועבד נגו באדין גבריא אלך היתיו קדם מלכא
27,Daniel,3,14,Daniel 3:14,ענה נבוכדנצר ואמר להון הצדא שדרך מישך ועבד נגו לאלהי לא איתיכון פלחין ולצלם דהבא די הקימת לא סגדין
27,Daniel,3,15,Daniel 3:15,כען הן איתיכון עתידין די בעדנא די תשמעון קל קרנא משרוקיתא קתרוס שבכא פסנתרין וסומפניה וכל&thinsp;׀ זני זמרא תפלון ותסגדון לצלמא די עבדת והן לא תסגדון בה שעתא תתרמון לגוא אתון נורא יקדתא ומן הוא אלה די ישיזבנכון מן ידי
27,Daniel,3,16,Daniel 3:16,ענו שדרך מישך ועבד נגו ואמרין למלכא נבוכדנצר לא חשחין אנחנא על דנה פתגם להתבותך
27,Daniel,3,17,Daniel 3:17,הן איתי אלהנא די אנחנא פלחין יכל לשיזבותנא מן אתון נורא יקדתא ומן ידך מלכא ישיזב
27,Daniel,3,18,Daniel 3:18,והן לא ידיע להוא לך מלכא די לאלהך לא איתנא פלחין ולצלם דהבא די הקימת לא נסגד {פ}
27,Daniel,3,19,Daniel 3:19,באדין נבוכדנצר התמלי חמא וצלם אנפוהי אשתני על שדרך מישך ועבד נגו ענה ואמר למזא לאתונא חד שבעה על די חזה למזיה
27,Daniel,3,20,Daniel 3:20,ולגברין גברי חיל די בחילה אמר לכפתה לשדרך מישך ועבד נגו למרמא לאתון נורא יקדתא
27,Daniel,3,21,Daniel 3:21,באדין גבריא אלך כפתו בסרבליהון פטשיהון וכרבלתהון ולבשיהון ורמיו לגוא אתון נורא יקדתא
27,Daniel,3,22,Daniel 3:22,כל קבל דנה מן די מלת מלכא מחצפה ואתונא אזה יתירה גבריא אלך די הסקו לשדרך מישך ועבד נגו קטל המון שביבא די נורא
27,Daniel,3,23,Daniel 3:23,וגבריא אלך תלתהון שדרך מישך ועבד נגו נפלו לגוא אתון נורא יקדתא מכפתין {פ}
27,Daniel,3,24,Daniel 3:24,אדין נבוכדנצר מלכא תוה וקם בהתבהלה ענה ואמר להדברוהי הלא גברין תלתה רמינא לגוא נורא מכפתין ענין ואמרין למלכא יציבא מלכא
27,Daniel,3,25,Daniel 3:25,ענה ואמר הא אנה חזה גברין ארבעה שרין מהלכין בגוא נורא וחבל לא איתי בהון ורוה די רביעאה דמה לבר אלהין
27,Daniel,3,26,Daniel 3:26,באדין קרב נבוכדנצר לתרע אתון נורא יקדתא ענה ואמר שדרך מישך ועבד נגו עבדוהי די אלהא עלאה פקו ואתו באדין נפקין שדרך מישך ועבד נגו מן גוא נורא
27,Daniel,3,27,Daniel 3:27,ומתכנשין אחשדרפניא סגניא ופחותא והדברי מלכא חזין לגבריא אלך די לא שלט נורא בגשמהון ושער ראשהון לא התחרך וסרבליהון לא שנו וריח נור לא עדת בהון
27,Daniel,3,28,Daniel 3:28,ענה נבוכדנצר ואמר בריך אלההון די שדרך מישך ועבד נגו די שלח מלאכה ושיזב לעבדוהי די התרחצו עלוהי ומלת מלכא שניו ויהבו גשמהון די לא יפלחון ולא יסגדון לכל אלה להן לאלההון
27,Daniel,3,29,Daniel 3:29,ומני שים טעם די כל עם אמה ולשן די יאמר שלו על אלההון די שדרך מישך ועבד נגוא הדמין יתעבד וביתה נולי ישתוה כל קבל די לא איתי אלה אחרן די יכל להצלה כדנה
27,Daniel,3,30,Daniel 3:30,באדין מלכא הצלח לשדרך מישך ועבד נגו במדינת בבל {פ}
27,Daniel,3,31,Daniel 3:31,נבוכדנצר מלכא לכל עממיא אמיא ולשניא די דירין בכל ארעא שלמכון ישגא
27,Daniel,3,32,Daniel 3:32,אתיא ותמהיא די עבד עמי אלהא עלאה שפר קדמי להחויה
27,Daniel,3,33,Daniel 3:33,אתוהי כמה רברבין ותמהוהי כמה תקיפין מלכותה מלכות עלם ושלטנה עם דר ודר
27,Daniel,4,1,Daniel 4:1,אנה נבוכדנצר שלה הוית בביתי ורענן בהיכלי
27,Daniel,4,2,Daniel 4:2,חלם חזית וידחלנני והרהרין על משכבי וחזוי ראשי יבהלנני
27,Daniel,4,3,Daniel 4:3,ומני שים טעם להנעלה קדמי לכל חכימי בבל די פשר חלמא יהודענני
27,Daniel,4,4,Daniel 4:4,באדין עלין חרטמיא אשפיא כשדאי וגזריא וחלמא אמר אנה קדמיהון ופשרה לא מהודעין לי
27,Daniel,4,5,Daniel 4:5,ועד אחרין על קדמי דניאל די שמה בלטשאצר כשם אלהי ודי רוח אלהין קדישין בה וחלמא קדמוהי אמרת
27,Daniel,4,6,Daniel 4:6,בלטשאצר רב חרטמיא די&thinsp;׀ אנה ידעת די רוח אלהין קדישין בך וכל רז לא אנס לך חזוי חלמי די חזית ופשרה אמר
27,Daniel,4,7,Daniel 4:7,וחזוי ראשי על משכבי חזה הוית ואלו אילן בגוא ארעא ורומה שגיא
27,Daniel,4,8,Daniel 4:8,רבה אילנא ותקף ורומה ימטא לשמיא וחזותה לסוף כל ארעא
27,Daniel,4,9,Daniel 4:9,עפיה שפיר ואנבה שגיא ומזון לכלא בה תחתוהי תטלל&thinsp;׀ חיות ברא ובענפוהי ידורן צפרי שמיא ומנה יתזין כל בשרא
27,Daniel,4,10,Daniel 4:10,חזה הוית בחזוי ראשי על משכבי ואלו עיר וקדיש מן שמיא נחת
27,Daniel,4,11,Daniel 4:11,קרא בחיל וכן אמר גדו אילנא וקצצו ענפוהי אתרו עפיה ובדרו אנבה תנד חיותא מן תחתוהי וצפריא מן ענפוהי
27,Daniel,4,12,Daniel 4:12,ברם עקר שרשוהי בארעא שבקו ובאסור די פרזל ונחש בדתאא די ברא ובטל שמיא יצטבע ועם חיותא חלקה בעשב ארעא
27,Daniel,4,13,Daniel 4:13,לבבה מן אנשא ישנון ולבב חיוה יתיהב לה ושבעה עדנין יחלפון עלוהי
27,Daniel,4,14,Daniel 4:14,בגזרת עירין פתגמא ומאמר קדישין שאלתא עד דברת די ינדעון חייא די שליט עלאה במלכות אנשא ולמן די יצבא יתננה ושפל אנשים יקים עלה
27,Daniel,4,15,Daniel 4:15,דנה חלמא חזית אנה מלכא נבוכדנצר ואנת בלטשאצר פשרא&thinsp;׀ אמר כל קבל די&thinsp;׀ כל חכימי מלכותי לא יכלין פשרא להודעותני ואנת כהל די רוח אלהין קדישין בך
27,Daniel,4,16,Daniel 4:16,אדין דניאל די שמה בלטשאצר אשתומם כשעה חדה ורעינהי יבהלנה ענה מלכא ואמר בלטשאצר חלמא ופשרא אל יבהלך ענה בלטשאצר ואמר מראי חלמא לשנאך ופשרה לערך
27,Daniel,4,17,Daniel 4:17,אילנא די חזית די רבה ותקף ורומה ימטא לשמיא וחזותה לכל ארעא
27,Daniel,4,18,Daniel 4:18,ועפיה שפיר ואנבה שגיא ומזון לכלא בה תחתוהי תדור חיות ברא ובענפוהי ישכנן צפרי שמיא
27,Daniel,4,19,Daniel 4:19,אנת הוא מלכא די רבת ותקפת ורבותך רבת ומטת לשמיא ושלטנך לסוף ארעא
27,Daniel,4,20,Daniel 4:20,ודי חזה מלכא עיר וקדיש נחת&thinsp;׀&thinsp;מן שמיא ואמר גדו אילנא וחבלוהי ברם עקר שרשוהי בארעא שבקו ובאסור די פרזל ונחש בדתאא די ברא ובטל שמיא יצטבע ועם חיות ברא חלקה עד די שבעה עדנין יחלפון עלוהי
27,Daniel,4,21,Daniel 4:21,דנה פשרא מלכא וגזרת עלאה היא די מטת על מראי מלכא
27,Daniel,4,22,Daniel 4:22,ולך טרדין מן אנשא ועם חיות ברא להוה מדרך ועשבא כתורין&thinsp;׀ לך יטעמון ומטל שמיא לך מצבעין ושבעה עדנין יחלפון עלך עד די תנדע די שליט עלאה במלכות אנשא ולמן די יצבא יתננה
27,Daniel,4,23,Daniel 4:23,ודי אמרו למשבק עקר שרשוהי די אילנא מלכותך לך קימא מן די תנדע די שלטן שמיא
27,Daniel,4,24,Daniel 4:24,להן מלכא מלכי ישפר עלך וחטאך בצדקה פרק ועויתך במחן ענין הן תהוה ארכה לשלותך
27,Daniel,4,25,Daniel 4:25,כלא מטא על נבוכדנצר מלכא {פ}
27,Daniel,4,26,Daniel 4:26,לקצת ירחין תרי עשר על היכל מלכותא די בבל מהלך הוה
27,Daniel,4,27,Daniel 4:27,ענה מלכא ואמר הלא דא היא בבל רבתא די אנה בניתה לבית מלכו בתקף חסני וליקר הדרי
27,Daniel,4,28,Daniel 4:28,עוד מלתא בפם מלכא קל מן שמיא נפל לך אמרין נבוכדנצר מלכא מלכותא עדת מנך
27,Daniel,4,29,Daniel 4:29,ומן אנשא לך טרדין ועם חיות ברא מדרך עשבא כתורין לך יטעמון ושבעה עדנין יחלפון עלך עד די תנדע די שליט עלאה במלכות אנשא ולמן די יצבא יתננה
27,Daniel,4,30,Daniel 4:30,בה שעתא מלתא ספת על נבוכדנצר ומן אנשא טריד ועשבא כתורין יאכל ומטל שמיא גשמה יצטבע עד די שערה כנשרין רבה וטפרוהי כצפרין
27,Daniel,4,31,Daniel 4:31,ולקצת יומיא אנה נבוכדנצר עיני&thinsp;׀ לשמיא נטלת ומנדעי עלי יתוב ולעלאה ברכת ולחי עלמא שבחת והדרת די שלטנה שלטן עלם ומלכותה עם דר ודר
27,Daniel,4,32,Daniel 4:32,וכל דירי ארעא כלה חשיבין וכמצביה עבד בחיל שמיא ודירי ארעא ולא איתי די ימחא בידה ויאמר לה מה עבדת
27,Daniel,4,33,Daniel 4:33,בה זמנא מנדעי&thinsp;׀ יתוב עלי וליקר מלכותי הדרי וזיוי יתוב עלי ולי הדברי ורברבני יבעון ועל מלכותי התקנת ורבו יתירה הוספת לי
27,Daniel,4,34,Daniel 4:34,כען אנה נבכדנצר משבח ומרומם ומהדר למלך שמיא די כל מעבדוהי קשט וארחתה דין ודי מהלכין בגוה יכל להשפלה {פ}
27,Daniel,5,1,Daniel 5:1,בלשאצר מלכא עבד לחם רב לרברבנוהי אלף ולקבל אלפא חמרא שתה
27,Daniel,5,2,Daniel 5:2,בלשאצר אמר&thinsp;׀ בטעם חמרא להיתיה למאני דהבא וכספא די הנפק נבוכדנצר אבוהי מן היכלא די בירושלם וישתון בהון מלכא ורברבנוהי שגלתה ולחנתה
27,Daniel,5,3,Daniel 5:3,באדין היתיו מאני דהבא די הנפקו מן היכלא די בית אלהא די בירושלם ואשתיו בהון מלכא ורברבנוהי שגלתה ולחנתה
27,Daniel,5,4,Daniel 5:4,אשתיו חמרא ושבחו לאלהי דהבא וכספא נחשא פרזלא אעא ואבנא
27,Daniel,5,5,Daniel 5:5,בה שעתה נפקה אצבען די יד אנש וכתבן לקבל נברשתא על גירא די כתל היכלא די מלכא ומלכא חזה פס ידא די כתבה
27,Daniel,5,6,Daniel 5:6,אדין מלכא זיוהי שנוהי ורעינהי יבהלונה וקטרי חרצה משתרין וארכבתה דא לדא נקשן
27,Daniel,5,7,Daniel 5:7,קרא מלכא בחיל להעלה לאשפיא כשדאי וגזריא ענה מלכא ואמר&thinsp;׀ לחכימי בבל די כל אנש די יקרה כתבה דנה ופשרה יחונני ארגונא ילבש והמניכא די דהבא על צוארה ותלתי במלכותא ישלט {ס}
27,Daniel,5,8,Daniel 5:8,אדין עלין כל חכימי מלכא ולא כהלין כתבא למקרא ופשרה להודעה למלכא
27,Daniel,5,9,Daniel 5:9,אדין מלכא בלשאצר שגיא מתבהל וזיוהי שנין עלוהי ורברבנוהי משתבשין
27,Daniel,5,10,Daniel 5:10,מלכתא לקבל מלי מלכא ורברבנוהי לבית משתיא עלת ענת מלכתא ואמרת מלכא לעלמין חיי אל יבהלוך רעיונך וזיוך אל ישתנו
27,Daniel,5,11,Daniel 5:11,איתי גבר במלכותך די רוח אלהין קדישין בה וביומי אבוך נהירו ושכלתנו וחכמה כחכמת אלהין השתכחת בה ומלכא נבכדנצר אבוך רב חרטמין אשפין כשדאין גזרין הקימה אבוך מלכא
27,Daniel,5,12,Daniel 5:12,כל קבל די רוח&thinsp;׀&thinsp;יתירה ומנדע ושכלתנו מפשר חלמין ואחוית אחידן ומשרא קטרין השתכחת בה בדניאל די מלכא שם שמה בלטשאצר כען דניאל יתקרי ופשרה יהחוה {פ}
27,Daniel,5,13,Daniel 5:13,באדין דניאל העל קדם מלכא ענה מלכא ואמר לדניאל אנת הוא דניאל די מן בני גלותא די יהוד די היתי מלכא אבי מן יהוד
27,Daniel,5,14,Daniel 5:14,ושמעת עלך די רוח אלהין בך ונהירו ושכלתנו וחכמה יתירה השתכחת בך
27,Daniel,5,15,Daniel 5:15,וכען העלו קדמי חכימיא אשפיא די כתבה דנה יקרון ופשרה להודעתני ולא כהלין פשר מלתא להחויה
27,Daniel,5,16,Daniel 5:16,ואנה שמעת עלך די תכול פשרין למפשר וקטרין למשרא כען הן תכול כתבא למקרא ופשרה להודעותני ארגונא תלבש והמניכא די דהבא על צוארך ותלתא במלכותא תשלט {פ}
27,Daniel,5,17,Daniel 5:17,באדין ענה דניאל ואמר קדם מלכא מתנתך לך להוין ונבזביתך לאחרן הב ברם כתבא אקרא למלכא ופשרא אהודענה
27,Daniel,5,18,Daniel 5:18,אנת מלכא אלהא עלאה מלכותא ורבותא ויקרא והדרא יהב לנבכדנצר אבוך
27,Daniel,5,19,Daniel 5:19,ומן רבותא די יהב לה כל עממיא אמיא ולשניא הוו זיעין ודחלין מן קדמוהי די הוא צבא הוה קטל ודי הוה צבא הוה מחא ודי הוה צבא הוה מרים ודי הוא צבא הוא משפל
27,Daniel,5,20,Daniel 5:20,וכדי רם לבבה ורוחה תקפת להזדה הנחת מן כרסא מלכותה ויקרה העדיו מנה
27,Daniel,5,21,Daniel 5:21,ומן בני אנשא טריד ולבבה&thinsp;׀ עם חיותא שויו ועם ערדיא מדרה עשבא כתורין יטעמונה ומטל שמיא גשמה יצטבע עד די ידע די שליט אלהא עלאה במלכות אנשא ולמן די יצבא יהקים עלה
27,Daniel,5,22,Daniel 5:22,ואנת ברה בלשאצר לא השפלת לבבך כל קבל די כל דנה ידעת
27,Daniel,5,23,Daniel 5:23,ועל מרא שמיא&thinsp;׀&thinsp;התרוממת ולמאניא די ביתה היתיו קדמך ואנת ורברבנך שגלתך ולחנתך חמרא שתין בהון ולאלהי כספא ודהבא נחשא פרזלא אעא ואבנא די לא חזין ולא שמעין ולא ידעין שבחת ולאלהא די נשמתך בידה וכל ארחתך לה לא הדרת
27,Daniel,5,24,Daniel 5:24,באדין מן קדמוהי שליח פסא די ידא וכתבא דנה רשים
27,Daniel,5,25,Daniel 5:25,ודנה כתבא די רשים מנא מנא תקל ופרסין
27,Daniel,5,26,Daniel 5:26,דנה פשר מלתא מנא מנה אלהא מלכותך והשלמה
27,Daniel,5,27,Daniel 5:27,תקל תקילת במאזניא והשתכחת חסיר
27,Daniel,5,28,Daniel 5:28,פרס פריסת מלכותך ויהיבת למדי ופרס
27,Daniel,5,29,Daniel 5:29,באדין&thinsp;׀ אמר בלשאצר והלבשו לדניאל ארגונא והמניכא די דהבא על צוארה והכרזו עלוהי די להוא שליט תלתא במלכותא
27,Daniel,5,30,Daniel 5:30,בה בליליא קטיל בלאשצר מלכא כשדאה {פ}
27,Daniel,6,1,Daniel 6:1,ודריוש מדאה קבל מלכותא כבר שנין שתין ותרתין
27,Daniel,6,2,Daniel 6:2,שפר קדם דריוש והקים על מלכותא לאחשדרפניא מאה ועשרין די להון בכל מלכותא
27,Daniel,6,3,Daniel 6:3,ועלא מנהון סרכין תלתה די דניאל חד מנהון די להון אחשדרפניא אלין יהבין להון טעמא ומלכא לא להוא נזק
27,Daniel,6,4,Daniel 6:4,אדין דניאל דנה הוא מתנצח על סרכיא ואחשדרפניא כל קבל די רוח יתירא בה ומלכא עשית להקמותה על כל מלכותא
27,Daniel,6,5,Daniel 6:5,אדין סרכיא ואחשדרפניא הוו בעין עלה להשכחה לדניאל מצד מלכותא וכל עלה ושחיתה לא יכלין להשכחה כל קבל די מהימן הוא וכל שלו ושחיתה לא השתכחת עלוהי
27,Daniel,6,6,Daniel 6:6,אדין גבריא אלך אמרין די לא נהשכח לדניאל דנה כל עלה להן השכחנא עלוהי בדת אלהה {ס}
27,Daniel,6,7,Daniel 6:7,אדין סרכיא ואחשדרפניא אלן הרגשו על מלכא וכן אמרין לה דריוש מלכא לעלמין חיי
27,Daniel,6,8,Daniel 6:8,אתיעטו כל&thinsp;׀ סרכי מלכותא סגניא ואחשדרפניא הדבריא ופחותא לקימה קים מלכא ולתקפה אסר די כל די יבעא בעו מן כל אלה ואנש עד יומין תלתין להן מנך מלכא יתרמא לגב אריותא
27,Daniel,6,9,Daniel 6:9,כען מלכא תקים אסרא ותרשם כתבא די לא להשניה כדת מדי ופרס די לא תעדא
27,Daniel,6,10,Daniel 6:10,כל קבל דנה מלכא דריוש רשם כתבא ואסרא
27,Daniel,6,11,Daniel 6:11,ודניאל כדי ידע די רשים כתבא על לביתה וכוין פתיחן לה בעליתה נגד ירושלם וזמנין תלתה ביומא הוא&thinsp;׀ ברך על ברכוהי ומצלא ומודא קדם אלהה כל קבל די הוא עבד מן קדמת דנה {ס}
27,Daniel,6,12,Daniel 6:12,אדין גבריא אלך הרגשו והשכחו לדניאל בעה ומתחנן קדם אלהה
27,Daniel,6,13,Daniel 6:13,באדין קרבו ואמרין קדם מלכא על אסר מלכא הלא אסר רשמת די כל אנש די יבעא מן כל אלה ואנש עד יומין תלתין להן מנך מלכא יתרמא לגוב אריותא ענה מלכא ואמר יציבא מלתא כדת מדי ופרס די לא תעדא
27,Daniel,6,14,Daniel 6:14,באדין ענו ואמרין קדם מלכא די דניאל די מן בני גלותא די יהוד לא שם עלך מלכא טעם ועל אסרא די רשמת וזמנין תלתה ביומא בעא בעותה {פ}
27,Daniel,6,15,Daniel 6:15,אדין מלכא כדי מלתא שמע שגיא באש עלוהי ועל דניאל שם בל לשיזבותה ועד מעלי שמשא הוא משתדר להצלותה {ס}
27,Daniel,6,16,Daniel 6:16,באדין גבריא אלך הרגשו על מלכא ואמרין למלכא דע מלכא די דת למדי ופרס די כל אסר וקים די מלכא יהקים לא להשניה
27,Daniel,6,17,Daniel 6:17,באדין מלכא אמר והיתיו לדניאל ורמו לגבא די אריותא ענה מלכא ואמר לדניאל אלהך די אנת פלח לה בתדירא הוא ישיזבנך
27,Daniel,6,18,Daniel 6:18,והיתית אבן חדה ושמת על פם גבא וחתמה מלכא בעזקתה ובעזקת רברבנוהי די לא תשנא צבו בדניאל
27,Daniel,6,19,Daniel 6:19,אדין אזל מלכא להיכלה ובת טות ודחון לא הנעל קדמוהי ושנתה נדת עלוהי
27,Daniel,6,20,Daniel 6:20,באדין מלכא בשפרפרא יקום בנגהא ובהתבהלה לגבא די אריותא אזל
27,Daniel,6,21,Daniel 6:21,וכמקרבה לגבא לדניאל בקל עציב זעק ענה מלכא ואמר לדניאל דניאל עבד אלהא חיא אלהך די אנת פלח לה בתדירא היכל לשיזבותך מן אריותא
27,Daniel,6,22,Daniel 6:22,אדין דניאל עם מלכא מלל מלכא לעלמין חיי
27,Daniel,6,23,Daniel 6:23,אלהי שלח מלאכה וסגר פם אריותא ולא חבלוני כל קבל די קדמוהי זכו השתכחת לי ואף קדמך מלכא חבולה לא עבדת
27,Daniel,6,24,Daniel 6:24,באדין מלכא שגיא טאב עלוהי ולדניאל אמר להנסקה מן גבא והסק דניאל מן גבא וכל חבל לא השתכח בה די הימן באלהה
27,Daniel,6,25,Daniel 6:25,ואמר מלכא והיתיו גבריא אלך די אכלו קרצוהי די דניאל ולגוב אריותא רמו אנון בניהון ונשיהון ולא מטו לארעית גבא עד די שלטו בהון אריותא וכל גרמיהון הדקו
27,Daniel,6,26,Daniel 6:26,באדין דריוש מלכא כתב לכל עממיא אמיא ולשניא די דירין בכל ארעא שלמכון ישגא
27,Daniel,6,27,Daniel 6:27,מן קדמי שים טעם די&thinsp;׀ בכל שלטן מלכותי להון זיעין ודחלין מן קדם אלהה די דניאל די הוא&thinsp;׀ אלהא חיא וקים לעלמין ומלכותה די לא תתחבל ושלטנה עד סופא
27,Daniel,6,28,Daniel 6:28,משיזב ומצל ועבד אתין ותמהין בשמיא ובארעא די שיזב לדניאל מן יד אריותא
27,Daniel,6,29,Daniel 6:29,ודניאל דנה הצלח במלכות דריוש ובמלכות כורש פרסאה {פ}
27,Daniel,7,1,Daniel 7:1,בשנת חדה לבלאשצר מלך בבל דניאל חלם חזה וחזוי ראשה על משכבה באדין חלמא כתב ראש מלין אמר
27,Daniel,7,2,Daniel 7:2,ענה דניאל ואמר חזה הוית בחזוי עם ליליא וארו ארבע רוחי שמיא מגיחן לימא רבא
27,Daniel,7,3,Daniel 7:3,וארבע חיון רברבן סלקן מן ימא שנין דא מן דא
27,Daniel,7,4,Daniel 7:4,קדמיתא כאריה וגפין די נשר לה חזה הוית עד די מריטו גפה ונטילת מן ארעא ועל רגלין כאנש הקימת ולבב אנש יהיב לה
27,Daniel,7,5,Daniel 7:5,וארו חיוה אחרי תנינה דמיה לדב ולשטר חד הקמת ותלת עלעין בפמה בין שנה וכן אמרין לה קומי אכלי בשר שגיא
27,Daniel,7,6,Daniel 7:6,באתר דנה חזה הוית וארו אחרי כנמר ולה גפין ארבע די עוף על גבה וארבעה ראשין לחיותא ושלטן יהיב לה
27,Daniel,7,7,Daniel 7:7,באתר דנה חזה הוית בחזוי ליליא וארו חיוה רביעאה דחילה ואימתני ותקיפא יתירה ושנין די פרזל לה רברבן אכלה ומדקה ושארא ברגלה רפסה והיא משניה מן כל חיותא די קדמה וקרנין עשר לה
27,Daniel,7,8,Daniel 7:8,משתכל הוית בקרניא ואלו קרן אחרי זעירה סלקת ביניהן ותלת מן קרניא קדמיתא אתעקרה מן קדמה ואלו עינין כעיני אנשא בקרנא דא ופם ממלל רברבן
27,Daniel,7,9,Daniel 7:9,חזה הוית עד די כרסון רמיו ועתיק יומין יתב לבושה&thinsp;׀ כתלג חור ושער ראשה כעמר נקא כרסיה שבבין די נור גלגלוהי נור דלק
27,Daniel,7,10,Daniel 7:10,נהר די נור נגד ונפק מן קדמוהי אלף אלפין ישמשונה ורבו רבבן קדמוהי יקומון דינא יתב וספרין פתיחו
27,Daniel,7,11,Daniel 7:11,חזה הוית באדין מן קל מליא רברבתא די קרנא ממללה חזה הוית עד די קטילת חיותא והובד גשמה ויהיבת ליקדת אשא
27,Daniel,7,12,Daniel 7:12,ושאר חיותא העדיו שלטנהון וארכה בחיין יהיבת להון עד זמן ועדן
27,Daniel,7,13,Daniel 7:13,חזה הוית בחזוי ליליא וארו עם ענני שמיא כבר אנש אתה הוא ועד עתיק יומיא מטה וקדמוהי הקרבוהי
27,Daniel,7,14,Daniel 7:14,ולה יהב שלטן ויקר ומלכו וכל עממיא אמיא ולשניא לה יפלחון שלטנה שלטן עלם די לא יעדה ומלכותה די לא תתחבל {פ}
27,Daniel,7,15,Daniel 7:15,אתכרית רוחי אנה דניאל בגוא נדנה וחזוי ראשי יבהלנני
27,Daniel,7,16,Daniel 7:16,קרבת על חד מן קאמיא ויציבא אבעא מנה על כל דנה ואמר לי ופשר מליא יהודענני
27,Daniel,7,17,Daniel 7:17,אלין חיותא רברבתא די אנין ארבע ארבעה מלכין יקומון מן ארעא
27,Daniel,7,18,Daniel 7:18,ויקבלון מלכותא קדישי עליונין ויחסנון מלכותא עד עלמא ועד עלם עלמיא
27,Daniel,7,19,Daniel 7:19,אדין צבית ליצבא על חיותא רביעיתא די הות שניה מן כלהין דחילה יתירה שנה די פרזל וטפרה די נחש אכלה מדקה ושארא ברגלה רפסה
27,Daniel,7,20,Daniel 7:20,ועל קרניא עשר די בראשה ואחרי די סלקת ונפלה מן קדמה תלת וקרנא דכן ועינין לה ופם ממלל רברבן וחזוה רב מן חברתה
27,Daniel,7,21,Daniel 7:21,חזה הוית וקרנא דכן עבדה קרב עם קדישין ויכלה להן
27,Daniel,7,22,Daniel 7:22,עד די אתה עתיק יומיא ודינא יהב לקדישי עליונין וזמנא מטה ומלכותא החסנו קדישין
27,Daniel,7,23,Daniel 7:23,כן אמר חיותא רביעיתא מלכו רביעאה תהוא בארעא די תשנא מן כל מלכותא ותאכל כל ארעא ותדושנה ותדקנה
27,Daniel,7,24,Daniel 7:24,וקרניא עשר מנה מלכותא עשרה מלכין יקמון ואחרן יקום אחריהן והוא ישנא מן קדמיא ותלתה מלכין יהשפל
27,Daniel,7,25,Daniel 7:25,ומלין לצד עלאה ימלל ולקדישי עליונין יבלא ויסבר להשניה זמנין ודת ויתיהבון בידה עד עדן ועדנין ופלג עדן
27,Daniel,7,26,Daniel 7:26,ודינא יתב ושלטנה יהעדון להשמדה ולהובדה עד סופא
27,Daniel,7,27,Daniel 7:27,ומלכותא ושלטנא ורבותא די מלכות תחות כל שמיא יהיבת לעם קדישי עליונין מלכותה מלכות עלם וכל שלטניא לה יפלחון וישתמעון
27,Daniel,7,28,Daniel 7:28,עד כה סופא די מלתא אנה דניאל שגיא&thinsp;׀ רעיוני יבהלנני וזיוי ישתנון עלי ומלתא בלבי נטרת {פ}
15,Ezra,4,8,Ezra 4:8,רחום בעל טעם ושמשי ספרא כתבו אגרה חדה על ירושלם לארתחששתא מלכא כנמא
15,Ezra,4,9,Ezra 4:9,אדין רחום בעל טעם ושמשי ספרא ושאר כנותהון דיניא ואפרסתכיא טרפליא אפרסיא ארכויא בבליא שושנכיא דהיא עלמיא
15,Ezra,4,10,Ezra 4:10,ושאר אמיא די הגלי אסנפר רבא ויקירא והותב המו בקריה די שמרין ושאר עבר נהרה וכענת
15,Ezra,4,11,Ezra 4:11,דנה פרשגן אגרתא די שלחו עלוהי על ארתחששתא מלכא עבדך אנש עבר נהרה וכענת {פ}
15,Ezra,4,12,Ezra 4:12,ידיע להוא למלכא די יהודיא די סלקו מן לותך עלינא אתו לירושלם קריתא מרדתא ובאישתא בנין ושוריא שכלילו ואשיא יחיטו {ס}
15,Ezra,4,13,Ezra 4:13,כען ידיע להוא למלכא די הן קריתא דך תתבנא ושוריא ישתכללון מנדה בלו והלך לא ינתנון ואפתם מלכים תהנזק {ס}
15,Ezra,4,14,Ezra 4:14,כען כל קבל די מלח היכלא מלחנא וערות מלכא לא אריך לנא למחזא על דנה שלחנא והודענא למלכא
15,Ezra,4,15,Ezra 4:15,די יבקר בספר דכרניא די אבהתך ותהשכח בספר דכרניא ותנדע די קריתא דך קריא מרדא ומהנזקת מלכין ומדנן ואשתדור עבדין בגוה מן יומת עלמא על דנה קריתא דך החרבת
15,Ezra,4,16,Ezra 4:16,מהודעין אנחנה למלכא די הן קריתא דך תתבנא ושוריה ישתכללון לקבל דנה חלק בעבר נהרא לא איתי לך {פ}
15,Ezra,4,17,Ezra 4:17,פתגמא שלח מלכא על רחום בעל טעם ושמשי ספרא ושאר כנותהון די יתבין בשמרין ושאר עבר נהרה שלם וכעת {פ}
15,Ezra,4,18,Ezra 4:18,נשתונא די שלחתון עלינא מפרש קרי קדמי
15,Ezra,4,19,Ezra 4:19,ומני שים טעם ובקרו והשכחו די קריתא דך מן יומת עלמא על מלכין מתנשאה ומרד ואשתדור מתעבד בה
15,Ezra,4,20,Ezra 4:20,ומלכין תקיפין הוו על ירושלם ושליטין בכל עבר נהרה ומדה בלו והלך מתיהב להון
15,Ezra,4,21,Ezra 4:21,כען שימו טעם לבטלא גבריא אלך וקריתא דך לא תתבנא עד מני טעמא יתשם
15,Ezra,4,22,Ezra 4:22,וזהירין הוו שלו למעבד על דנה למה ישגא חבלא להנזקת מלכין {ס}
15,Ezra,4,23,Ezra 4:23,אדין מן די פרשגן נשתונא די ארתחששתא מלכא קרי קדם רחום ושמשי ספרא וכנותהון אזלו בבהילו לירושלם על יהודיא ובטלו המו באדרע וחיל {ס}
15,Ezra,4,24,Ezra 4:24,באדין בטלת עבידת בית אלהא די בירושלם והות בטלא עד שנת תרתין למלכות דריוש מלך פרס {פ}
15,Ezra,5,1,Ezra 5:1,והתנבי חגי נביא וזכריה בר עדוא נביאיא על יהודיא די ביהוד ובירושלם בשם אלה ישראל עליהון {ס}
15,Ezra,5,2,Ezra 5:2,באדין קמו זרבבל בר שאלתיאל וישוע בר יוצדק ושריו למבנא בית אלהא די בירושלם ועמהון נביאיא די אלהא מסעדין להון {פ}
15,Ezra,5,3,Ezra 5:3,בה זמנא אתה עליהון תתני פחת עבר נהרה ושתר בוזני וכנותהון וכן אמרין להם מן שם לכם טעם ביתא דנה לבנא ואשרנא דנה לשכללה
15,Ezra,5,4,Ezra 5:4,אדין כנמא אמרנא להם מן אנון שמהת גבריא די דנה בנינא בנין
15,Ezra,5,5,Ezra 5:5,ועין אלההם הות על שבי יהודיא ולא בטלו המו עד טעמא לדריוש יהך ואדין יתיבון נשתונא על דנה {פ}
15,Ezra,5,6,Ezra 5:6,פרשגן אגרתא די שלח תתני&thinsp;׀ פחת עבר נהרה ושתר בוזני וכנותה אפרסכיא די בעבר נהרה על דריוש מלכא
15,Ezra,5,7,Ezra 5:7,פתגמא שלחו עלוהי וכדנה כתיב בגוה לדריוש מלכא שלמא כלא {ס}
15,Ezra,5,8,Ezra 5:8,ידיע&thinsp;׀ להוא למלכא די אזלנא ליהוד מדינתא לבית אלהא רבא והוא מתבנא אבן גלל ואע מתשם בכתליא ועבידתא דך אספרנא מתעבדא ומצלח בידהם
15,Ezra,5,9,Ezra 5:9,אדין שאלנא לשביא אלך כנמא אמרנא להם מן שם לכם טעם ביתא דנה למבניה ואשרנא דנה לשכללה
15,Ezra,5,10,Ezra 5:10,ואף שמהתהם שאלנא להם להודעותך די נכתב שם גבריא די בראשיהם {פ}
15,Ezra,5,11,Ezra 5:11,וכנמא פתגמא התיבונא לממר אנחנא המו עבדוהי די אלה שמיא וארעא ובנין ביתא די הוא בנה מקדמת דנה שנין שגיאן ומלך לישראל רב בנהי ושכללה
15,Ezra,5,12,Ezra 5:12,להן מן די הרגזו אבהתנא לאלה שמיא יהב המו ביד נבוכדנצר מלך בבל כסדאה וביתה דנה סתרה ועמה הגלי לבבל {פ}
15,Ezra,5,13,Ezra 5:13,ברם בשנת חדה לכורש מלכא די בבל כורש מלכא שם טעם בית אלהא דנה לבנא
15,Ezra,5,14,Ezra 5:14,ואף מאניא די בית אלהא די דהבה וכספא די נבוכדנצר הנפק מן היכלא די בירושלם והיבל המו להיכלא די בבל הנפק המו כורש מלכא מן היכלא די בבל ויהיבו לששבצר שמה די פחה שמה
15,Ezra,5,15,Ezra 5:15,ואמר לה&thinsp;׀ אל מאניא שא אזל אחת המו בהיכלא די בירושלם ובית אלהא יתבנא על אתרה {פ}
15,Ezra,5,16,Ezra 5:16,אדין ששבצר דך אתא יהב אשיא די בית אלהא די בירושלם ומן אדין ועד כען מתבנא ולא שלם
15,Ezra,5,17,Ezra 5:17,וכען הן על מלכא טב יתבקר בבית גנזיא די מלכא תמה די בבבל הן איתי די מן כורש מלכא שים טעם למבנא בית אלהא דך בירושלם ורעות מלכא על דנה ישלח עלינא {פ}
15,Ezra,6,1,Ezra 6:1,באדין דריוש מלכא שם טעם ובקרו&thinsp;׀ בבית ספריא די גנזיא מהחתין תמה בבבל
15,Ezra,6,2,Ezra 6:2,והשתכח באחמתא בבירתא די במדי מדינתא מגלה חדה וכן כתיב בגוה דכרונה {פ}
15,Ezra,6,3,Ezra 6:3,בשנת חדה לכורש מלכא כורש מלכא שם טעם בית אלהא בירושלם ביתא יתבנא אתר די דבחין דבחין ואשוהי מסובלין רומה אמין שתין פתיה אמין שתין
15,Ezra,6,4,Ezra 6:4,נדבכין די אבן גלל תלתא ונדבך די אע חדת ונפקתא מן בית מלכא תתיהב {ס}
15,Ezra,6,5,Ezra 6:5,ואף מאני בית אלהא די דהבה וכספא די נבוכדנצר הנפק מן היכלא די בירושלם והיבל לבבל יהתיבון ויהך להיכלא די בירושלם לאתרה ותחת בבית אלהא {ס}
15,Ezra,6,6,Ezra 6:6,כען תתני פחת עבר נהרה שתר בוזני וכנותהון אפרסכיא די בעבר נהרה רחיקין הוו מן תמה
15,Ezra,6,7,Ezra 6:7,שבקו לעבידת בית אלהא דך פחת יהודיא ולשבי יהודיא בית אלהא דך יבנון על אתרה
15,Ezra,6,8,Ezra 6:8,ומני שים טעם למא די תעבדון עם שבי יהודיא אלך למבנא בית אלהא דך ומנכסי מלכא די מדת עבר נהרה אספרנא נפקתא תהוא מתיהבא לגבריא אלך די לא לבטלא
15,Ezra,6,9,Ezra 6:9,ומה חשחן ובני תורין ודכרין ואמרין&thinsp;׀&thinsp;לעלון&thinsp;׀&thinsp;לאלה שמיא חנטין מלח&thinsp;׀ חמר ומשח כמאמר כהניא די בירושלם להוא מתיהב להם יום&thinsp;׀&thinsp;ביום די לא שלו
15,Ezra,6,10,Ezra 6:10,די להון מהקרבין ניחוחין לאלה שמיא ומצלין לחיי מלכא ובנוהי
15,Ezra,6,11,Ezra 6:11,ומני שים טעם די כל אנש די יהשנא פתגמא דנה יתנסח אע מן ביתה וזקיף יתמחא עלהי וביתה נולו יתעבד על דנה
15,Ezra,6,12,Ezra 6:12,ואלהא די שכן שמה תמה ימגר כל מלך ועם די&thinsp;׀ ישלח ידה להשניה לחבלה בית אלהא דך די בירושלם אנה דריוש שמת טעם אספרנא יתעבד {פ}
15,Ezra,6,13,Ezra 6:13,אדין תתני פחת עבר נהרה שתר בוזני וכנותהון לקבל די שלח דריוש מלכא כנמא אספרנא עבדו
15,Ezra,6,14,Ezra 6:14,ושבי יהודיא בנין ומצלחין בנבואת חגי נביא וזכריה בר עדוא ובנו ושכללו מן טעם אלה ישראל ומטעם כורש ודריוש וארתחששתא מלך פרס
15,Ezra,6,15,Ezra 6:15,ושיציא ביתה דנה עד יום תלתה לירח אדר די היא שנת שת למלכות דריוש מלכא {פ}
15,Ezra,6,16,Ezra 6:16,ועבדו בני ישראל כהניא ולויא ושאר בני גלותא חנכת בית אלהא דנה בחדוה
15,Ezra,6,17,Ezra 6:17,והקרבו לחנכת בית אלהא דנה תורין מאה דכרין מאתין אמרין ארבע מאה וצפירי עזין לחטאה על כל ישראל תרי עשר למנין שבטי ישראל
15,Ezra,6,18,Ezra 6:18,והקימו כהניא בפלגתהון ולויא במחלקתהון על עבידת אלהא די בירושלם ככתב ספר משה {פ}
15,Ezra,7,12,Ezra 7:12,ארתחשסתא מלך מלכיא לעזרא כהנא ספר דתא די אלה שמיא גמיר וכענת
15,Ezra,7,13,Ezra 7:13,מני שים טעם די כל מתנדב במלכותי מן עמא ישראל וכהנוהי ולויא למהך לירושלם עמך יהך
15,Ezra,7,14,Ezra 7:14,כל קבל די מן קדם מלכא ושבעת יעטהי שליח לבקרה על יהוד ולירושלם בדת אלהך די בידך
15,Ezra,7,15,Ezra 7:15,ולהיבלה כסף ודהב די מלכא ויעטוהי התנדבו לאלה ישראל די בירושלם משכנה
15,Ezra,7,16,Ezra 7:16,וכל כסף ודהב די תהשכח בכל מדינת בבל עם התנדבות עמא וכהניא מתנדבין לבית אלההם די בירושלם
15,Ezra,7,17,Ezra 7:17,כל קבל דנה אספרנא תקנא בכספא דנה תורין&thinsp;׀&thinsp;דכרין אמרין ומנחתהון ונסכיהון ותקרב המו על מדבחה די בית אלהכם די בירושלם
15,Ezra,7,18,Ezra 7:18,ומה די עלך ועל אחך ייטב בשאר כספא ודהבה למעבד כרעות אלהכם תעבדון
15,Ezra,7,19,Ezra 7:19,ומאניא די מתיהבין לך לפלחן בית אלהך השלם קדם אלה ירושלם
15,Ezra,7,20,Ezra 7:20,ושאר חשחות בית אלהך די יפל לך למנתן תנתן מן בית גנזי מלכא
15,Ezra,7,21,Ezra 7:21,ומני אנה ארתחשסתא מלכא שים טעם לכל גזבריא די בעבר נהרה די כל די ישאלנכון עזרא כהנא ספר דתא די אלה שמיא אספרנא יתעבד
15,Ezra,7,22,Ezra 7:22,עד כסף ככרין מאה ועד חנטין כורין מאה ועד חמר בתין מאה ועד בתין משח מאה ומלח די לא כתב
15,Ezra,7,23,Ezra 7:23,כל די מן טעם אלה שמיא יתעבד אדרזדא לבית אלה שמיא די למה להוא קצף על מלכות מלכא ובנוהי
15,Ezra,7,24,Ezra 7:24,ולכם מהודעין די כל כהניא ולויא זמריא תרעיא נתיניא ופלחי בית אלהא דנה מנדה בלו והלך לא שליט למרמא עליהם {פ}
15,Ezra,7,25,Ezra 7:25,ואנת עזרא כחכמת אלהך די בידך מני שפטין ודינין די להון דאינין לכל עמא די בעבר נהרה לכל ידעי דתי אלהך ודי לא ידע תהודעון
15,Ezra,7,26,Ezra 7:26,וכל די לא להוא עבד דתא די אלהך ודתא די מלכא אספרנא דינה להוא מתעבד מנה הן למות הן לשרשי הן לענש נכסין ולאסורין {פ}
